<beans xmlns="http://www.springframework.org/schema/beans"
xmlns:xsi="http://www.w3.org/2001/XMLSchema-instance"
xmlns:mvc="http://www.springframework.org/schema/mvc"
xmlns:tx="http://www.springframework.org/schema/tx"
xmlns:context="http://www.springframework.org/schema/context"
xsi:schemaLocation="http://www.springframework.org/schema/mvc
http://www.springframework.org/schema/mvc/spring-mvc-3.1.xsd
                    http://www.springframework.org/schema/tx
                    http://www.springframework.org/schema/tx/spring-tx.xsd    
                    http://www.springframework.org/schema/beans
                    http://www.springframework.org/schema/beans/spring-beans.xsd
                    http://www.springframework.org/schema/mvc
                                            http://www.springframework.org/schema/mvc/spring-mvc.xsd
                    http://www.springframework.org/schema/context
                    http://www.springframework.org/schema/context/spring-context.xsd">
 
 
<mvc:annotation-driven/>
<mvc:default-servlet-handler/>
 
                <context:component-scan base-package="controller" />
                <context:component-scan base-package="model" />
                <context:component-scan base-package="dao" /> 
               
               <mvc:resources mapping="/resources/images/**" location="/resources/images/" />
              
                <tx:annotation-driven/>
              
                <bean
                                class="org.springframework.web.servlet.view.InternalResourceViewResolver">
                                <property name="prefix">
                                                <value>/WEB-INF/views/</value>
                                </property>
                                <property name="suffix">
                                                <value>.jsp</value>
                                </property>
                </bean>
               
                <bean id="personService" class="dao.PersonDAOImpl" />
                <bean id="personService1" class="dao.PersonServiceImpl" />
</beans>