<?xml version="1.0" encoding="UTF-8"?>
<beans:beans xmlns:beans="http://www.springframework.org/schema/beans"
xmlns:security="http://www.springframework.org/schema/security" 
    xmlns:xsi="http://www.w3.org/2001/XMLSchema-instance"
    xsi:schemaLocation="http://www.springframework.org/schema/beans
    http://www.springframework.org/schema/beans/spring-beans.xsd
    http://www.springframework.org/schema/security
    http://www.springframework.org/schema/security/spring-security.xsd">


  <security:http auto-config="true"  use-expressions="true"> 

   <security:intercept-url pattern="/persons/**" access="hasRole('ROLE_ADMIN')" />
  <security:form-login login-page="/login" default-target-url="/persons" login-processing-url="/perform_login" authentication-failure-url="/error"/>
  <security:csrf disabled="true"/> 
  </security:http>
 
    <security:authentication-manager>

       <security:authentication-provider>
  
           
          
       <security:jdbc-user-service data-source-ref="dataSource"
            users-by-username-query="select username,password,enabled from USERS1 where username=?"
    authorities-by-username-query="select u1.username, u2.userrole from USERS1 u1, urole u2 where u1.id = u2.userid and u1.username=?"/>
          
        
 

</security:authentication-provider>
</security:authentication-manager>
  
</beans:beans>
